Group	Value
A	96.92164
A	90.39179
A	112.6866
B	44.21642
B	51.39925
B	50.18657
C	84.04851
C	103.4515
C	129.7575
D	75.18657
D	38.52612
D	55.87687
