Gene	Group	Value	std
METTL21B	Flag	1	0.11868
METTL21B	Flag-METTL21B	2401.27775	293.24316
TP53	Flag	1	0.09816
TP53	Flag-METTL21B	0.88454	0.04064
