Flag	Flag-EEF1AKMT3
87.82316	56.49085
81.19743	65.35428
105.5449	56.03236
125.4345	67.94378

