Group	ave	std
a	1	0.031688076
b	0.606635499	0.02145192
