Group	ave	std
a	1	0.020640881
b	0.70739859	0.023608593
