Flag	Flag-EEF1AKMT3
85.84209	24.23246
89.93836	16.79366
124.2195	19.54799
