Group	ave	std
Scramble	1	0.004335253
shEEF1AKMT3 #1	0.201093512	0.00239108
shEEF1AKMT3 #3	0.106829183	0.004036349
