Scramble	shEEF1AKMT3 #1	shEEF1AKMT3 #3
94.53258	152.2118	128.469
103.9649	129.7808	172.8709
92.00219	172.2936	154.2635
109.5003	200.3426	134.263
