Group	ave	std
Flag	1	0.061905013
Flag-EEF1AKMT3	1.522747344	0.03039636
