Group	ave	std
a	1	0.058570908
b	0.516020038	0.012939316
c	1.016767667	0.099904907
d	0.545229095	0.029455242
